Rank,East,North,Level,Au_ppm,target_Au,KNN_pred,KNN_proba,Regresion_Logistica_pred,Regresion_Logistica_proba,Arbol_Decision_pred,Arbol_Decision_proba
1,11747.495,5863.982,1459.979,0.17,1,0,0.4,1,0.5884957123521409,1,1.0
2,6352.596,6830.149,1352.149,132.245,1,1,1.0,1,1.0,1,1.0
3,6352.596,6830.149,1352.149,11.0,1,1,0.8,1,0.977124786471805,1,1.0
4,6352.74,6819.014,1352.149,4.392,1,0,0.2,1,0.9895925732388067,1,1.0
5,6352.74,6819.014,1352.149,4.363,1,0,0.2,1,0.6361826901305179,1,1.0
6,6342.393,6898.786,1302.709,12.985,1,1,0.6,1,0.9999964812359926,1,1.0
7,6342.393,6898.786,1302.709,11.0,1,1,0.6,1,0.999884393964148,1,1.0
8,6343.687,6864.89,1302.709,10.903,1,1,1.0,1,0.9999999704850833,1,1.0
9,6343.687,6864.89,1302.709,11.0,1,1,1.0,1,0.9989823522688511,1,1.0
10,5555.949,6806.014,1156.639,0.493,1,0,0.4,1,0.6993506621338434,1,1.0
11,5669.038,6632.027,1284.399,1.89,1,1,0.8,1,0.9863445641186718,1,1.0
12,8054.946,6334.044,1365.179,0.032,0,0,0.2,0,0.23731728176354874,1,1.0
13,2579.966,2221.598,516.659,0.197,1,1,0.8,1,0.9820895809317359,1,1.0
14,2869.306,1880.466,673.609,0.352,1,0,0.4,0,0.1143816411874718,1,1.0
15,5577.393,6763.242,1156.639,0.928,1,1,1.0,1,0.9999874626125389,1,1.0
16,5671.99,6627.611,1284.399,0.742,1,1,1.0,1,0.7106746441422452,1,1.0
17,5266.044,7286.197,716.069,2.02,1,1,0.6,1,0.6830802039040462,1,1.0
18,5686.08,6607.879,1284.399,3.788,1,1,1.0,1,0.9999999799045882,1,1.0
19,7359.948,7465.966,1280.549,0.292,1,0,0.0,1,0.6459927755550388,1,1.0
20,6262.426,7149.453,1169.099,1.125,1,0,0.2,1,0.989533904882356,1,1.0
21,5555.229,6806.051,1156.639,3.108,1,1,0.6,1,0.5770051165160649,1,1.0
22,5504.041,6986.029,1060.439,0.441,1,1,1.0,1,0.9875781520688287,1,1.0
23,5497.22,7002.321,1060.439,0.6,1,1,0.8,1,0.9646317742046873,1,1.0
24,6259.677,7147.453,1169.099,2.136,1,1,1.0,1,0.9994581775266617,1,1.0
25,5670.158,6626.205,1284.399,0.115,1,0,0.2,1,0.8178685242534434,1,1.0
26,5561.711,6797.572,1156.639,6.967,1,1,0.6,1,0.780256275524647,1,1.0
27,5556.843,6807.053,1156.639,0.713,1,1,0.6,0,0.49711374634475863,1,1.0
28,6256.895,7080.973,1169.099,1.039,1,0,0.4,1,0.9658538488162991,1,1.0
29,9650.171,3166.114,1463.229,2.262,1,1,1.0,1,0.9999999999998295,1,1.0
30,7190.329,3570.463,1262.249,4.25,1,1,1.0,1,0.9999999995843825,1,1.0
31,9717.313,3175.588,1463.229,0.29,1,0,0.2,1,0.879154358987684,1,1.0
32,7199.911,3507.765,1262.249,1.057,1,1,1.0,1,0.9999106840799558,1,1.0
33,7270.265,3810.471,1200.709,0.245,1,0,0.4,1,0.8548816165455901,1,1.0
34,6972.504,4908.509,1047.699,0.187,1,0,0.4,1,0.9995974415507465,1,1.0
35,7333.912,6515.929,1286.879,2.721,1,1,0.6,1,0.9906547192075396,1,1.0
36,5066.0,6581.0,1094.0,4.538,1,1,0.6,1,0.9999695175433458,1,1.0
37,4375.226,6417.477,830.0,8.707,1,1,0.8,1,0.9994225200743782,1,1.0
38,4605.0,6333.0,1010.0,0.272,1,0,0.4,1,0.917527944900248,1,1.0
39,4912.899,6732.387,995.0,0.333,1,1,0.6,0,0.15061258706815167,1,1.0
40,4848.251,6220.151,1155.0,0.254,1,0,0.4,1,0.9408340387786356,1,1.0
41,4962.0,6661.0,1045.0,0.102,1,1,0.8,1,0.6517857980618921,1,1.0
42,4930.0,6655.0,1039.0,1.001,1,1,0.6,1,0.788137240243973,1,1.0
43,9558.941,3114.694,1415.709,4.921,1,1,1.0,1,1.0,1,1.0
44,7746.633,3283.81,1452.149,0.063,0,0,0.2,1,0.5733285014141498,1,1.0
45,7806.013,3268.358,1452.149,0.017,0,0,0.2,1,0.8517170253372456,1,1.0
46,6275.028,8226.694,721.0,1.254,1,0,0.2,1,0.9531442832501948,1,1.0
47,6555.308,8188.868,802.0,1.751,1,1,0.8,1,0.999829172170269,1,1.0
48,16047.285,9179.101,1375.689,0.046,0,0,0.2,0,3.759056936213115e-05,1,1.0
49,12448.019,9465.28,1366.139,0.246,1,0,0.2,0,0.44856929494770537,1,1.0
50,6585.25,8214.579,819.0,0.271,1,0,0.2,1,0.9851443774292489,1,1.0
51,14537.603,9548.218,1452.959,6.451,1,1,0.6,1,0.9995949122693912,1,1.0
52,7651.098,7262.602,1258.0,1.881,1,1,1.0,1,0.9999797961217572,1,1.0
53,7654.096,7280.083,1252.0,0.628,1,1,0.6,1,0.9997390037312168,1,1.0
54,6274.909,7994.661,829.0,0.222,1,1,0.6,1,0.9658988591169136,1,1.0
55,5300.192,8533.699,486.0,2.476,1,1,1.0,1,1.0,1,1.0
56,4846.153,6213.969,1157.0,0.235,1,0,0.4,0,0.24901071564223626,1,1.0
57,4784.829,6145.35,1150.0,0.718,1,1,0.6,1,0.9797995097711606,1,1.0
58,4769.826,6597.82,956.0,4.187,1,1,1.0,1,0.9999999982063272,1,1.0
59,4919.0,6694.0,1020.0,1.831,1,0,0.2,1,0.5093867455004075,1,1.0
60,5294.0,6431.0,1219.0,0.14,1,0,0.4,0,0.18879523678922086,1,1.0
61,4924.965,6626.562,1066.0,6.953,1,1,1.0,1,0.997709939868111,1,1.0
62,4926.39,6626.541,1066.0,0.475,1,0,0.2,0,0.056726250859308894,1,1.0
63,5420.998,6356.61,1317.0,0.135,1,1,0.6,0,0.37869845469303703,1,1.0
64,5424.0,6768.0,1098.0,0.853,1,1,0.6,0,0.41788940498151433,1,1.0
65,6365.0,7602.0,924.0,74.766,1,1,1.0,1,1.0,1,1.0
66,4674.0,7389.0,549.0,1.181,1,1,0.6,0,0.49292285869661506,1,1.0
67,4886.0,6801.0,926.0,0.308,1,0,0.4,0,0.2659299615874125,1,1.0
68,4929.0,6655.0,1040.0,1.544,1,1,0.6,1,0.9350150723106849,1,1.0
69,10756.416,5703.675,1545.18,0.024,0,0,0.0,0,0.10742063944787626,1,1.0
70,9748.088,7293.679,1274.99,0.165,1,1,0.6,0,0.19717464596716416,1,1.0
71,9739.973,6295.477,1498.0,0.188,1,0,0.4,0,0.4913265671479439,1,1.0
72,5939.501,3655.298,1025.64,0.103,1,0,0.4,1,0.8490441919869146,1,1.0
73,5951.538,3707.239,993.34,0.532,1,1,1.0,1,0.9999997923347097,1,1.0
74,10781.239,5714.179,1554.56,0.318,1,1,0.6,1,0.9980380074657916,1,1.0
75,5106.18,8329.73,355.0,0.113,1,0,0.2,0,0.32438708744760136,1,1.0
76,4688.76,6297.202,1068.0,0.209,1,0,0.0,0,0.3469292797608994,1,1.0
77,4681.005,6257.046,1088.0,13.957,1,1,1.0,1,0.999999999999998,1,1.0
78,4587.0,6403.0,1007.0,0.119,1,0,0.2,0,0.041245435078905116,1,1.0
79,4726.049,6254.175,1092.0,4.093,1,1,0.8,1,0.9999960869239182,1,1.0
80,4601.089,6364.632,1021.28,2.873,1,0,0.2,1,0.9324349862442182,1,1.0
81,4619.826,6358.339,1022.22,0.38,1,1,0.6,1,0.9120144286780878,1,1.0
82,4653.335,6315.891,1063.0,0.246,1,1,0.6,1,0.7297280443926604,1,1.0
83,4656.668,6316.063,1063.0,0.519,1,0,0.4,1,0.8899292813594972,1,1.0
84,4741.763,6241.317,1092.0,1.262,1,1,1.0,1,0.9999999996295774,1,1.0
85,4717.746,6243.939,1077.0,0.754,1,0,0.2,0,0.08969442679042265,1,1.0
86,4685.526,6211.428,1080.0,0.555,1,0,0.4,0,0.20812337486241583,1,1.0
87,4686.67,6204.417,1080.0,0.855,1,1,0.8,1,0.9998635525752001,1,1.0
88,4365.662,6437.495,826.0,2.133,1,0,0.4,0,0.46611921279897167,1,1.0
89,4372.395,6423.466,837.0,0.879,1,0,0.2,0,0.10647086158795176,1,1.0
90,4380.674,6388.949,890.0,0.976,1,0,0.4,0,0.08860245498329783,1,1.0
91,4448.574,6502.089,832.0,0.463,1,0,0.2,0,0.14584805371459042,1,1.0
92,4487.885,6418.159,947.0,0.028,0,0,0.0,0,0.05719719856409192,1,1.0
93,4525.12,7814.83,321.0,0.123,1,0,0.2,1,0.6379503158928485,1,1.0
94,4403.0,7712.0,356.0,0.17,1,0,0.2,0,0.03655201690123207,1,1.0
95,5861.0,3911.0,859.0,0.163,1,0,0.4,1,0.9179846079846927,1,1.0
96,4999.0,6744.0,974.0,0.142,1,0,0.4,1,0.577043530255758,1,1.0
97,5337.0,6603.0,1121.0,0.302,1,1,0.6,1,0.5432947584603464,1,1.0
98,5015.0,6729.0,989.0,1.043,1,1,0.6,1,0.9964973421341919,1,1.0
99,5105.0,6609.0,1060.0,0.111,1,0,0.4,0,0.36673652893833714,1,1.0
100,5670.538,6624.916,1218.0,0.317,1,1,1.0,1,0.7931096049992049,1,1.0
101,5671.274,6625.091,1218.0,2.35,1,1,0.8,1,0.6936260848290501,1,1.0
102,3706.803,6092.985,573.0,0.35,1,0,0.4,0,0.14394988138337156,1,1.0
103,20654.0,6445.0,1305.0,0.68,1,1,0.6,1,0.8499232382307371,1,1.0
104,6586.0,7102.0,1158.0,1.221,1,0,0.4,1,0.9795860821003446,1,1.0
105,20477.0,6665.0,1264.0,0.361,1,0,0.4,1,0.9855255560108858,1,1.0
106,6581.0,7080.0,1177.0,0.28,1,0,0.2,1,0.5378558005565648,1,1.0
107,5672.192,6625.17,1218.0,0.544,1,1,0.6,1,0.7958886003081315,1,1.0
108,6471.14,6998.602,1227.0,0.868,1,0,0.4,1,0.9749989480548384,1,1.0
109,6383.933,7059.859,1228.0,0.225,1,1,0.6,0,0.2886472846441398,1,1.0
110,5669.828,6624.638,1218.0,0.261,1,0,0.4,1,0.9946529019091985,1,1.0
111,6223.649,7274.05,1101.0,0.707,1,0,0.4,1,0.751208791563251,1,1.0
112,6466.76,6960.407,1252.0,1.887,1,1,1.0,1,0.9978301956814183,1,1.0
113,6432.989,7796.449,935.0,0.422,1,1,0.6,0,0.14326497213431616,1,1.0
114,6564.0,8249.0,779.0,0.266,1,1,0.8,1,0.9290824994523988,1,1.0
115,7521.0,7266.0,1282.0,0.586,1,1,0.8,1,0.6577263540542126,1,1.0
116,12291.151,9344.202,1358.05,0.017,0,0,0.0,0,0.0026640013673611875,1,1.0
117,12571.0,9326.0,1258.0,0.114,1,1,0.8,1,0.8861345091474181,1,1.0
118,13568.183,7743.042,1492.0,0.143,1,0,0.4,1,0.6188798803710629,1,1.0
119,7352.0,7355.0,1272.0,0.168,1,0,0.4,0,0.45068309470345425,1,1.0
120,7354.0,7321.0,1264.0,1.59,1,0,0.4,1,0.6641623709552145,1,1.0
121,7349.0,7315.0,1268.0,1.103,1,1,0.6,1,0.825577512274301,1,1.0
122,7347.0,7301.0,1265.0,2.376,1,0,0.4,0,0.36455669028766374,1,1.0
123,7459.135,7360.244,1275.0,0.197,1,1,0.6,1,0.9127673970047963,1,1.0
124,7444.054,7339.262,1281.0,0.321,1,0,0.4,1,0.7351928062332271,1,1.0
125,7521.699,7263.314,1282.0,1.133,1,1,1.0,1,0.9999457801168155,1,1.0
126,7629.716,7324.952,1221.0,1.001,1,1,0.6,1,0.939107710602902,1,1.0
127,7669.902,7218.467,1274.0,4.063,1,1,1.0,1,0.9999999996617754,1,1.0
128,7634.969,7307.316,1221.0,0.501,1,0,0.2,1,0.8597453840025282,1,1.0
129,7668.103,7227.104,1273.0,2.625,1,1,0.8,1,0.9953897482772758,1,1.0
130,8041.528,6522.543,1383.583,0.14,1,0,0.2,1,0.7085222506675632,1,1.0
131,5730.094,6776.153,1121.78,0.867,1,1,0.8,1,0.9082930420000274,1,1.0
132,12418.742,6312.14,1511.66,0.372,1,1,0.6,1,0.7779571621311974,1,1.0
133,12479.768,9390.582,1367.0,0.882,1,1,0.6,1,0.9915827373823907,1,1.0
134,12184.714,9619.928,1349.43,0.236,1,0,0.4,1,0.7776184726191064,1,1.0
135,12235.003,9655.366,1353.57,0.184,1,1,0.8,1,0.864732782229154,1,1.0
136,13082.933,7638.933,1385.0,8.391,1,1,0.6,1,0.9999318040252695,1,1.0
137,13083.354,7638.403,1385.0,16.681,1,1,0.6,1,0.9999999727105974,1,1.0
138,13273.051,7774.233,1386.92,0.211,1,1,1.0,1,0.9999999997418847,1,1.0
139,10777.316,5702.359,1551.11,0.135,1,0,0.2,0,0.1419220347170927,1,1.0
140,5772.328,3350.648,1143.47,0.171,1,0,0.4,1,0.9792496947164205,1,1.0
141,5734.634,3345.364,1143.99,0.23,1,0,0.4,1,0.9955221590843161,1,1.0
142,5730.086,3349.171,1143.25,0.102,1,1,1.0,1,0.9999786437226094,1,1.0
143,5705.875,3342.532,1138.08,0.309,1,1,0.8,1,0.9999238802061945,1,1.0
144,13481.987,7834.53,1461.28,0.093,0,0,0.0,0,0.03519946240542901,1,1.0
145,6973.099,4908.679,1117.0,0.401,1,0,0.2,1,0.5657831073282102,1,1.0
146,5635.487,3346.942,1112.64,0.204,1,0,0.4,1,0.876742045379171,1,1.0
147,5674.576,3343.853,1130.0,0.256,1,1,1.0,1,0.9982179369343852,1,1.0
148,11989.433,9247.174,1307.57,0.0025,0,0,0.0,0,0.0010222887788258685,1,1.0
149,6463.948,7037.448,1206.0,0.401,1,0,0.2,0,0.4245979630938453,1,0.8947368421052632
150,4912.65,6713.0,1005.0,3.082,1,0,0.4,1,0.6532764316044961,1,0.8947368421052632
151,6174.443,7369.29,1034.5,0.449,1,0,0.4,0,0.4500728154846643,1,0.8947368421052632
152,6528.818,7820.133,941.609,6.185,1,0,0.2,0,0.07062806216565781,1,0.8947368421052632
153,4928.0,6654.0,1038.0,1.317,1,1,0.6,1,0.5567926947066762,1,0.8947368421052632
154,4916.8,6713.0,1005.0,5.153,1,0,0.4,1,0.5927316136151075,1,0.8947368421052632
155,4922.1,6645.0,1051.0,4.788,1,1,1.0,0,0.4043158547272894,1,0.8947368421052632
156,5556.255,6806.828,1156.639,0.654,1,1,0.6,0,0.3514200038570631,1,0.8947368421052632
157,6494.297,6741.99,1352.149,0.188,1,0,0.2,0,0.47303990589784256,1,0.8947368421052632
158,6526.955,7843.95,941.609,6.736,1,0,0.2,0,0.19995570101916826,1,0.8947368421052632
159,5668.96,6628.041,1284.399,0.216,1,0,0.4,0,0.386362210329624,1,0.8947368421052632
160,6529.013,7791.281,941.609,13.986,1,1,0.8,0,0.30557810266438173,1,0.8947368421052632
161,6164.058,7410.504,1055.819,0.2,1,0,0.4,0,0.3286324285718311,1,0.8947368421052632
162,4930.0,6656.0,1036.0,1.738,1,1,1.0,1,0.807615501390425,1,0.8947368421052632
163,6534.289,7776.823,941.609,4.41,1,1,0.6,0,0.21296416655736733,1,0.8947368421052632
164,5983.0,7749.0,759.0,0.099,0,0,0.0,0,0.2141529676622563,1,0.8947368421052632
165,7338.0,6556.0,1276.0,0.203,1,0,0.4,0,0.21621289842797062,1,0.8947368421052632
166,5149.893,7419.615,659.0,0.923,1,1,0.8,0,0.3062954583330091,1,0.8947368421052632
167,5204.905,7350.857,707.0,0.156,1,0,0.4,0,0.2880813061661314,1,0.8947368421052632
168,6468.0,8267.0,717.0,0.053,0,0,0.0,0,0.3128987030901661,1,0.8947368421052632
169,7389.0,7344.0,1285.0,0.086,0,0,0.0,0,0.4202215238513959,1,0.8947368421052632
170,6417.0,7865.0,889.0,5.287,1,0,0.4,0,0.2360651221393247,1,0.8947368421052632
171,7409.0,7319.0,1289.0,0.147,1,0,0.2,0,0.10251816484727219,1,0.8947368421052632
172,7353.587,7342.322,1299.0,0.998,1,1,0.6,0,0.2813230356053745,1,0.8947368421052632
173,6500.656,7831.902,931.0,22.424,1,1,0.6,0,0.4366102653020717,1,0.8947368421052632
174,6530.685,7774.565,968.0,4.934,1,1,0.8,0,0.16537504067576939,1,0.8947368421052632
175,7449.0,7200.0,1290.0,0.364,1,0,0.2,0,0.25618661464233167,1,0.8947368421052632
176,7354.327,7341.923,1299.0,0.2,1,0,0.2,0,0.17800204645905687,1,0.8947368421052632
177,7362.0,7374.0,1272.0,0.086,0,0,0.0,0,0.22162866834108624,1,0.8947368421052632
178,7474.034,7385.265,1266.0,0.167,1,1,0.6,0,0.48100995601087143,1,0.8947368421052632
179,7354.737,7341.691,1299.0,0.084,0,0,0.2,0,0.2503517820510427,1,0.8947368421052632
180,6531.783,7789.934,965.0,13.727,1,1,0.6,0,0.28054275490154607,1,0.8947368421052632
181,4749.609,6228.706,1102.0,0.351,1,1,0.8,1,0.7827303215773903,1,0.8947368421052632
182,6171.418,7391.818,1024.0,0.193,1,1,0.8,0,0.25015570857436753,1,0.8947368421052632
183,6197.795,7319.488,1070.0,0.023,0,0,0.2,0,0.1874436017590104,1,0.8947368421052632
184,6411.0,7961.0,850.0,6.157,1,1,0.8,0,0.21920759292685033,1,0.8947368421052632
185,6507.0,7857.0,911.0,2.643,1,1,0.8,0,0.14513504164218155,1,0.8947368421052632
186,7356.0,7344.0,1276.0,2.868,1,0,0.4,0,0.2035602968163872,1,0.8947368421052632
187,6419.0,7850.0,899.0,11.494,1,1,0.8,0,0.42819266547110363,1,0.8947368421052632
188,5716.123,7160.875,1038.02,0.438,1,0,0.4,0,0.3638676416997672,1,0.8947368421052632
189,4917.354,6722.226,1021.0,6.466,1,0,0.4,1,0.5445404554428339,1,0.8947368421052632
190,4916.943,6722.159,1021.0,0.434,1,0,0.2,1,0.6040099397571328,1,0.8947368421052632
191,7777.02,5872.0,1369.029,0.0025,0,0,0.4,0,0.07987695646416902,1,0.8888888888888888
192,6566.274,7175.239,1134.0,0.63,1,1,0.6,0,0.24647340762199127,1,0.8888888888888888
193,6516.94,7262.883,1102.0,0.828,1,0,0.4,0,0.2826563005682894,1,0.8888888888888888
194,4916.0,6713.0,1005.0,0.471,1,0,0.4,0,0.026301304913980705,1,0.8888888888888888
195,4918.0,6713.0,1005.0,0.21,1,0,0.4,0,0.042532271609804426,1,0.8888888888888888
196,6504.192,7831.845,933.0,0.771,1,0,0.4,0,0.16721212808927582,1,0.8888888888888888
197,6530.714,7826.906,945.0,2.496,1,1,0.8,0,0.16519123126159727,1,0.8888888888888888
198,6502.193,7783.962,959.0,1.197,1,0,0.2,0,0.18865125497112128,1,0.8888888888888888
199,6498.007,7771.762,960.0,3.216,1,0,0.4,0,0.28489828741408313,1,0.8888888888888888
200,5817.0,7768.0,721.0,1.094,1,1,0.8,0,0.10107286192664469,1,0.8888888888888888
201,6369.0,7187.0,1154.0,0.956,1,0,0.4,0,0.3173925302217449,1,0.8888888888888888
202,7728.064,7196.688,1269.0,0.013,0,0,0.2,0,0.08708253988691002,1,0.8888888888888888
203,4596.0,6494.0,886.0,0.08,0,0,0.0,0,0.050295416492516884,1,0.8888888888888888
204,6529.129,7813.508,941.609,1.999,1,0,0.2,0,0.14018614548710684,1,0.8888888888888888
205,6529.503,7821.969,941.609,1.118,1,0,0.4,0,0.308474453769545,1,0.8888888888888888
206,6530.422,7826.883,941.609,1.304,1,1,0.6,0,0.12405800119092146,1,0.8888888888888888
207,6524.896,7858.805,941.609,0.079,0,0,0.4,0,0.042539858885342584,1,0.8888888888888888
208,4902.394,6760.422,959.0,0.676,1,0,0.4,0,0.3093860035218923,1,0.8888888888888888
209,4620.526,6358.339,1022.22,0.135,1,0,0.4,0,0.29050270151067376,1,0.8888888888888888
210,6525.819,7759.798,971.0,0.836,1,1,0.6,0,0.23633165392145056,1,0.8888888888888888
211,9635.037,5568.045,1435.879,6.095,1,0,0.4,0,0.0916762126124913,1,0.7
212,5106.28,8329.074,355.0,0.027,0,0,0.2,0,0.363542157589122,1,0.7
213,4542.0,6036.0,947.0,0.114,1,0,0.4,0,0.4630142648124385,1,0.7
214,6486.056,8346.481,736.0,0.106,1,0,0.4,0,0.464580182103881,1,0.7
215,5700.862,8006.657,601.0,0.171,1,1,1.0,0,0.27156532965893604,1,0.7
216,14537.849,9549.684,1452.959,0.475,1,1,1.0,1,0.9994685783789888,1,0.7
217,9638.037,5563.973,1435.879,2.193,1,0,0.4,1,0.749189094178457,1,0.7
218,4986.764,8192.549,400.0,0.25,1,0,0.2,0,0.005902824189788644,1,0.7
219,12175.346,10011.087,1386.0,0.011,0,0,0.0,0,0.0015060689726969644,1,0.7
220,4508.0,7800.0,336.0,0.053,0,0,0.4,0,0.12785097579133345,1,0.7
221,4913.4,6713.0,1005.0,0.153,1,0,0.2,0,0.17980589932746494,1,0.6666666666666666
222,8247.712,8643.854,1008.0,0.176,1,1,0.6,1,0.9824013948303969,1,0.6666666666666666
223,5218.0,8313.0,372.0,0.009,0,0,0.0,0,0.0073581948389229756,1,0.6666666666666666
224,12478.483,9389.735,1367.0,0.034,0,0,0.2,0,5.556257892658186e-05,1,0.6666666666666666
225,5105.85,8323.0,360.0,0.006,0,0,0.0,0,0.00044492607298754635,1,0.6666666666666666
226,6298.897,6480.536,1285.0,0.026,0,0,0.2,0,0.04465310003018796,1,0.6666666666666666
227,6848.0,6820.0,1298.0,0.049,0,0,0.4,0,0.13972385799091022,1,0.6666666666666666
