Rank,East,North,Level,Au_ppm,target_Au,KNN_pred,KNN_proba
1,6352.596,6830.149,1352.149,132.245,1,1,1.0
2,6343.687,6864.89,1302.709,11.0,1,1,1.0
3,6343.687,6864.89,1302.709,10.903,1,1,1.0
4,5504.041,6986.029,1060.439,0.441,1,1,1.0
5,7190.329,3570.463,1262.249,4.25,1,1,1.0
6,7199.911,3507.765,1262.249,1.057,1,1,1.0
7,6259.677,7147.453,1169.099,2.136,1,1,1.0
8,5671.99,6627.611,1284.399,0.742,1,1,1.0
9,5577.393,6763.242,1156.639,0.928,1,1,1.0
10,5686.08,6607.879,1284.399,3.788,1,1,1.0
11,5670.538,6624.916,1218.0,0.317,1,1,1.0
12,5951.538,3707.239,993.34,0.532,1,1,1.0
13,5315.348,3201.014,1126.48,0.286,1,1,1.0
14,4681.005,6257.046,1088.0,13.957,1,1,1.0
15,4741.763,6241.317,1092.0,1.262,1,1,1.0
16,4930.0,6656.0,1036.0,1.738,1,1,1.0
17,5106.15,8330.0,355.0,1.14,1,1,1.0
18,4922.1,6645.0,1051.0,4.788,1,1,1.0
19,4924.965,6626.562,1066.0,6.953,1,1,1.0
20,5700.862,8006.657,601.0,0.171,1,1,1.0
21,6365.0,7602.0,924.0,74.766,1,1,1.0
22,4769.826,6597.82,956.0,4.187,1,1,1.0
23,7651.098,7262.602,1258.0,1.881,1,1,1.0
24,14537.849,9549.684,1452.959,0.475,1,1,1.0
25,5300.192,8533.699,486.0,2.476,1,1,1.0
26,9558.941,3114.694,1415.709,4.921,1,1,1.0
27,9650.171,3166.114,1463.229,2.262,1,1,1.0
28,5730.086,3349.171,1143.25,0.102,1,1,1.0
29,7669.902,7218.467,1274.0,4.063,1,1,1.0
30,7521.699,7263.314,1282.0,1.133,1,1,1.0
31,13273.051,7774.233,1386.92,0.211,1,1,1.0
32,6466.76,6960.407,1252.0,1.887,1,1,1.0
33,5674.576,3343.853,1130.0,0.256,1,1,1.0
34,5705.875,3342.532,1138.08,0.309,1,1,0.8
35,6411.0,7961.0,850.0,6.157,1,1,0.8
36,5149.893,7419.615,659.0,0.923,1,1,0.8
37,5671.274,6625.091,1218.0,2.35,1,1,0.8
38,7521.0,7266.0,1282.0,0.586,1,1,0.8
39,5497.22,7002.321,1060.439,0.6,1,1,0.8
40,8157.017,7013.962,1317.179,0.013,0,1,0.8
41,6352.596,6830.149,1352.149,11.0,1,1,0.8
42,8450.08,6044.907,1444.589,0.086,0,1,0.8
43,5669.038,6632.027,1284.399,1.89,1,1,0.8
44,2579.966,2221.598,516.659,0.197,1,1,0.8
45,7668.103,7227.104,1273.0,2.625,1,1,0.8
46,6530.685,7774.565,968.0,4.934,1,1,0.8
47,6530.714,7826.906,945.0,2.496,1,1,0.8
48,7647.106,6134.796,1329.093,0.017,0,1,0.8
49,12571.0,9326.0,1258.0,0.114,1,1,0.8
50,12235.003,9655.366,1353.57,0.184,1,1,0.8
51,5730.094,6776.153,1121.78,0.867,1,1,0.8
52,4375.226,6417.477,830.0,8.707,1,1,0.8
53,4913.899,6732.387,995.0,0.442,1,1,0.8
54,4962.0,6661.0,1045.0,0.102,1,1,0.8
55,3359.985,7087.879,0.0,0.172,1,1,0.8
56,4726.049,6254.175,1092.0,4.093,1,1,0.8
57,4749.609,6228.706,1102.0,0.351,1,1,0.8
58,6359.0,7629.0,909.0,0.037,0,1,0.8
59,6555.308,8188.868,802.0,1.751,1,1,0.8
60,6529.013,7791.281,941.609,13.986,1,1,0.8
61,8243.0,8411.0,923.0,0.0025,0,1,0.8
62,4686.67,6204.417,1080.0,0.855,1,1,0.8
63,5817.0,7768.0,721.0,1.094,1,1,0.8
64,6419.0,7850.0,899.0,11.494,1,1,0.8
65,6507.0,7857.0,911.0,2.643,1,1,0.8
66,6171.418,7391.818,1024.0,0.193,1,1,0.8
67,6564.0,8249.0,779.0,0.266,1,1,0.8
68,6751.775,6472.681,1229.269,0.0025,0,1,0.6
69,6342.393,6898.786,1302.709,12.985,1,1,0.6
70,6342.393,6898.786,1302.709,11.0,1,1,0.6
71,8318.001,6855.961,1330.039,0.014,0,1,0.6
72,5266.044,7286.197,716.069,2.02,1,1,0.6
73,5561.711,6797.572,1156.639,6.967,1,1,0.6
74,5556.843,6807.053,1156.639,0.713,1,1,0.6
75,5556.255,6806.828,1156.639,0.654,1,1,0.6
76,7333.912,6515.929,1286.879,2.721,1,1,0.6
77,5274.423,7299.46,835.679,0.0025,0,1,0.6
78,5555.229,6806.051,1156.639,3.108,1,1,0.6
79,6566.274,7175.239,1134.0,0.63,1,1,0.6
80,6494.619,7376.817,1048.0,0.008,0,1,0.6
81,4886.0,6902.0,857.0,0.043,0,1,0.6
82,4674.0,7389.0,549.0,1.181,1,1,0.6
83,5420.998,6356.61,1317.0,0.135,1,1,0.6
84,4928.0,6654.0,1038.0,1.317,1,1,0.6
85,4923.0,6645.0,1050.0,0.921,1,1,0.6
86,6846.961,7923.449,968.0,0.422,1,1,0.6
87,6568.215,7706.599,1054.389,0.073,0,1,0.6
88,7654.096,7280.083,1252.0,0.628,1,1,0.6
89,6274.909,7994.661,829.0,0.222,1,1,0.6
90,14537.603,9548.218,1452.959,6.451,1,1,0.6
91,6534.289,7776.823,941.609,4.41,1,1,0.6
92,8247.712,8643.854,1008.0,0.176,1,1,0.6
93,8247.33,8642.427,1007.0,0.191,1,1,0.6
94,4653.335,6315.891,1063.0,0.246,1,1,0.6
95,4619.826,6358.339,1022.22,0.38,1,1,0.6
96,4650.153,6304.18,1061.0,0.255,1,1,0.6
97,4697.819,6262.421,1090.0,0.403,1,1,0.6
98,5203.0,3730.0,877.0,0.0025,0,1,0.6
99,4635.889,6191.478,1039.0,0.041,0,1,0.6
100,4369.427,6430.501,832.0,0.047,0,1,0.6
101,4963.1,6649.0,1053.0,1.405,1,1,0.6
102,5066.0,6581.0,1094.0,4.538,1,1,0.6
103,4784.829,6145.35,1150.0,0.718,1,1,0.6
104,5015.0,6729.0,989.0,1.043,1,1,0.6
105,3981.282,6312.947,637.0,0.0025,0,1,0.6
106,5348.0,6605.0,1119.0,0.02,0,1,0.6
107,5337.0,6603.0,1121.0,0.302,1,1,0.6
108,4929.0,6655.0,1040.0,1.544,1,1,0.6
109,4964.6,6649.0,1056.0,0.738,1,1,0.6
110,4930.0,6655.0,1039.0,1.001,1,1,0.6
111,4912.899,6732.387,995.0,0.333,1,1,0.6
112,6530.422,7826.883,941.609,1.304,1,1,0.6
113,6527.941,7809.983,941.609,1.077,1,1,0.6
114,4884.0,6819.0,910.0,0.031,0,1,0.6
115,7559.0,7715.0,1108.0,0.0025,0,1,0.6
116,5424.0,6768.0,1098.0,0.853,1,1,0.6
117,12565.265,9342.622,1297.56,0.048,0,1,0.6
118,12418.742,6312.14,1511.66,0.372,1,1,0.6
119,12099.47,6411.755,1376.0,0.0025,0,1,0.6
120,10781.239,5714.179,1554.56,0.318,1,1,0.6
121,8756.96,5544.4,1312.57,0.056,0,1,0.6
122,9748.088,7293.679,1274.99,0.165,1,1,0.6
123,8067.281,5575.402,1503.0,0.037,0,1,0.6
124,7177.255,7692.244,1077.0,0.017,0,1,0.6
125,7353.587,7342.322,1299.0,0.998,1,1,0.6
126,7474.034,7385.265,1266.0,0.167,1,1,0.6
127,7459.135,7360.244,1275.0,0.197,1,1,0.6
128,7538.573,7314.581,1266.0,0.134,1,1,0.6
129,7629.716,7324.952,1221.0,1.001,1,1,0.6
130,8167.498,6296.955,1403.378,0.077,0,1,0.6
131,7811.14,6926.42,1336.467,0.005,0,1,0.6
132,7688.593,6086.985,1346.024,0.0025,0,1,0.6
133,12479.768,9390.582,1367.0,0.882,1,1,0.6
134,13082.933,7638.933,1385.0,8.391,1,1,0.6
135,13162.24,7721.219,1399.0,0.132,1,1,0.6
136,13083.354,7638.403,1385.0,16.681,1,1,0.6
137,6500.656,7831.902,931.0,22.424,1,1,0.6
138,6528.118,7809.41,960.0,1.358,1,1,0.6
139,6529.833,7847.383,936.0,3.389,1,1,0.6
140,6432.989,7796.449,935.0,0.422,1,1,0.6
141,7349.0,7315.0,1268.0,1.103,1,1,0.6
142,6525.819,7759.798,971.0,0.836,1,1,0.6
143,6550.153,7726.833,969.0,0.176,1,1,0.6
144,6531.783,7789.934,965.0,13.727,1,1,0.6
145,5752.0,7944.0,632.0,0.005,0,1,0.6
146,6183.13,7394.712,1013.0,0.008,0,1,0.6
147,6383.933,7059.859,1228.0,0.225,1,1,0.6
148,4711.0,6292.0,1057.0,0.693,1,1,0.6
149,5548.681,6813.17,1073.0,0.187,1,1,0.6
150,5779.0,7932.0,636.0,0.157,1,1,0.6
151,5672.192,6625.17,1218.0,0.544,1,1,0.6
152,5712.936,7851.486,710.0,0.0025,0,1,0.6
153,6574.0,7159.0,1131.0,0.025,0,1,0.6
154,5816.0,7775.0,724.0,0.011,0,1,0.6
155,20654.0,6445.0,1305.0,0.68,1,1,0.6
